Fecha de Emisión;Tipo de Comprobante;Punto de Venta;Número Desde;Número Hasta;Cód. Autorización;Tipo Doc. Emisor;Nro. Doc. Emisor;Denominación Emisor;Tipo Cambio;Moneda;Imp. Neto Gravado IVA 0%;IVA 2,5%;Imp. Neto Gravado IVA 2,5%;IVA 5%;Imp. Neto Gravado IVA 5%;IVA 10,5%;Imp. Neto Gravado IVA 10,5%;IVA 21%;Imp. Neto Gravado IVA 21%;IVA 27%;Imp. Neto Gravado IVA 27%;Imp. Neto Gravado Total;Imp. Neto No Gravado;Imp. Op. Exentas;Otros Tributos;Total IVA;Imp. Total
03/08/2026;1;3;1234;1234;76000000000001;80;30700000008;DISTRIBUIDORA DEL SUR SA;1;$;0;0;0;0;0;0;0;210,00;1000,00;0;0;1000,00;0;0;0;210,00;1210,00
05/08/2026;1;3;1240;1240;76000000000002;80;30700000008;DISTRIBUIDORA DEL SUR SA;1;$;0;0;0;0;0;210,00;2000,00;210,00;1000,00;0;0;3000,00;0;0;90,00;420,00;3510,00
07/08/2026;6;5;88;88;76000000000003;80;30700000016;ALMACEN LA ESQUINA SRL;1;$;0;0;0;0;0;0;0;0;0;0;0;0;0;0;0;0;1210,00
09/08/2026;11;2;45;45;76000000000004;80;30700000024;SERVICIOS DE LIMPIEZA MONOTRIBUTO;1;$;0;0;0;0;0;0;0;0;0;0;0;0;0;0;0;0;5000,00
12/08/2026;3;3;77;77;76000000000005;80;30700000008;DISTRIBUIDORA DEL SUR SA;1;$;0;0;0;0;0;0;0;21,00;100,00;0;0;100,00;0;0;0;21,00;121,00
15/08/2026;1;10;500;500;76000000000006;80;30700000032;IMPORTADORA DEL PLATA SA;1000,50;DOL;0;0;0;0;0;0;0;21,00;100,00;0;0;100,00;0;0;0;21,00;121,00
16/08/2026;1;3;1234;1234;76000000000001;80;30700000008;DISTRIBUIDORA DEL SUR SA;1;$;0;0;0;0;0;0;0;210,00;1000,00;0;0;1000,00;0;0;0;210,00;1210,00
18/08/2026;1;7;900;900;76000000000007;80;30700000040;FERRETERIA NORTE SA;1;$;0;0;0;0;0;0;0;150,00;1000,00;0;0;1000,00;0;0;0;150,00;1150,00
20/08/2026;1;7;901;901;76000000000008;80;30700000041;EMISOR CON CUIT MAL ESCRITO;1;$;0;0;0;0;0;0;0;21,00;100,00;0;0;100,00;0;0;0;21,00;121,00
22/08/2026;81;1;15;15;76000000000009;80;30700000040;FERRETERIA NORTE SA;1;$;0;0;0;0;0;0;0;21,00;100,00;0;0;100,00;0;0;0;21,00;121,00
